region,code,ftb_price_baseline,ftb_index_baseline,ftb_price_5y_ago,ftb_price_1y_ago,ftb_price_latest,ftb_index_latest,growth_full_pct,growth_5y_pct,growth_1y_pct,cagr_pct
Salford,E08000006,91522.5,46.324999999999996,159727.8,205360.0,208046.33333333334,105.3,127.3171442359347,30.250547076547328,1.3081093364498253,6.231054601655894
Manchester,E08000003,108490.83333333333,49.99166666666667,186641.0,228097.8,237579.66666666666,109.5,118.9859358317523,27.292324123138357,4.156930345959786,5.939481918758682
Waltham Forest,E09000031,217669.41666666666,47.01666666666667,441146.6,462448.0,475595.3333333333,102.73333333333333,118.49432989552584,7.808908270704862,2.8429863105329245,5.9219574760379645
Oldham,E08000004,91828.75,55.05833333333334,138430.4,183066.2,195107.66666666666,117.0,112.46904337330807,40.94278905982116,6.577656971448942,5.704152297613518
Tameside,E08000008,92916.16666666667,51.96666666666667,144626.6,188354.0,194303.66666666666,108.66666666666667,109.11717910589651,34.34849928482495,3.158768418332847,5.580497626546954
Barking and Dagenham,E09000002,164623.25,48.666666666666664,303608.2,342621.6,343753.6666666667,101.63333333333333,108.81234374042954,13.22278735115412,0.3304131049141956,5.569160937778372
Trafford,E08000009,149929.0,51.63333333333333,256889.6,303550.8,308186.6666666667,106.16666666666667,105.55507384606493,19.968526038682242,1.5272127982092876,5.447057934766453
Rochdale,E08000005,92015.66666666667,54.99166666666667,132385.2,177762.4,186831.66666666666,111.7,103.04332233279112,41.12730627492094,5.1019038146799645,5.351671435710315
Bury,E08000002,103601.75,52.93333333333334,163332.8,203953.2,210087.66666666666,107.33333333333333,102.78389763364677,28.625522042520956,3.0077815237351757,5.341757304485983
Bexley,E09000004,178798.08333333334,49.10833333333333,312394.0,355403.8,362151.0,99.46666666666665,102.5474732437941,15.92764265638904,1.8984602865810718,5.332711910636001
Bolsover,E07000033,84339.91666666667,54.675000000000004,129028.6,163067.8,170726.0,110.66666666666667,102.426095196126,32.31640116997316,4.6963287663168485,5.328064290480228
Blaenau Gwent,W06000019,66567.58333333333,51.99166666666667,96653.0,126807.0,134401.33333333334,104.93333333333334,101.90207696188463,39.05552164271502,5.988891254688888,5.307969717928485
Medway,E06000035,135074.91666666666,49.35833333333333,229646.2,263859.2,270894.0,99.0,100.55092883640499,17.96145549109891,2.666118899776837,5.255933371360388
City of Nottingham,E06000018,89075.58333333333,50.800000000000004,144793.6,177239.4,178454.0,101.76666666666667,100.33997344951433,23.24716009547383,0.6852878084669722,5.247779615862069
City of Bristol,E06000023,158164.58333333334,50.375,273049.2,316199.2,315901.0,100.63333333333333,99.7292904279561,15.693801703136279,-0.09430763898201633,5.2241308434413325
North Northamptonshire,E06000061,111251.16666666667,50.85,181362.6,212535.6,221114.0,101.06666666666666,98.7520730119684,21.918190409709617,4.036217932431074,5.186148262963686
Rhondda Cynon Taf,W06000016,74939.25,52.958333333333336,111221.6,141626.0,148777.66666666666,105.13333333333333,98.53103235843254,33.76688221232804,5.04968485071009,5.177532845422195
Havering,E09000016,196913.08333333334,52.05833333333334,333305.0,377423.2,390522.6666666667,103.23333333333333,98.32235626801504,17.166759174529833,3.4707635001416604,5.169391198421525
Sandwell,E08000028,97067.75,53.525,145264.4,192787.2,192429.0,106.10000000000001,98.24194956615354,32.4681064321334,-0.1858007170600584,5.166251955154499
Gedling,E07000173,107495.75,52.56666666666666,170790.8,206466.4,212314.0,103.8,97.50920385224534,24.312316588481366,2.832228391641456,5.137589574357193
Stockport,E08000007,131197.25,53.9,207381.4,248006.0,257052.66666666666,105.60000000000001,95.9283953487338,23.951649794372432,3.6477612100782375,5.075417010797656
Basildon,E07000066,156463.75,51.06666666666666,265940.4,298054.0,305524.6666666667,99.73333333333333,95.26865914096186,14.884638312443933,2.506480928511845,5.049332312005372
Leicester,E06000016,109881.41666666667,51.09166666666667,179738.6,212430.6,214330.33333333334,99.66666666666667,95.05603389108106,19.245578486387082,0.8942842195678757,5.040908121185805
Bolton,E08000001,90335.66666666667,56.291666666666664,129039.0,169648.6,176135.66666666666,109.73333333333333,94.97909648090268,36.49800964566268,3.82382564115864,5.037857772647647
East Cambridgeshire,E07000009,160911.5,57.96666666666667,248251.4,288471.2,313509.3333333333,112.93333333333334,94.83339185411441,26.287035373550083,8.679595513636485,5.032077943753777
Mansfield,E07000174,87290.58333333333,53.80833333333334,131868.2,164131.2,169916.66666666666,104.73333333333333,94.65635373040429,28.853405647962617,3.524903654312306,5.025049782987834
Castle Point,E07000069,164294.58333333334,51.9,271554.4,311463.0,319538.0,100.96666666666665,94.49089161490917,17.669976991718773,2.592603294773377,5.018475817767065
Broxtowe,E07000172,116602.25,54.375,177237.4,219225.0,226496.66666666666,105.60000000000001,94.24725223283998,27.792817242109535,3.316987873949895,5.008786358863704
Thurrock,E06000034,157190.66666666666,50.69166666666666,268530.0,301959.4,301319.0,97.16666666666667,91.6901342742996,12.210553755632514,-0.21208149175022672,4.906405783215728
Bridgend,W06000013,96894.66666666667,57.53333333333333,140606.0,179481.2,185494.33333333334,110.13333333333333,91.43915729795931,31.92490600211466,3.350285898095917,4.896289217307204
Bedford,E06000055,142153.91666666666,55.03333333333333,222692.6,258734.6,271962.0,105.3,91.3151648418645,22.12439928403549,5.112342918187207,4.891286702258557
Lewisham,E09000023,230151.58333333334,54.041666666666664,417290.0,431376.8,439784.0,103.26666666666667,91.084499020392,5.39049581825588,1.9489226124353554,4.881972420114278
Caerphilly,W06000018,91866.75,55.34166666666667,132096.4,171531.8,175493.33333333334,105.7,91.03030566917121,32.85247238632798,2.309503738276719,4.879782582460956
Redbridge,E09000026,227771.75,54.85833333333333,379358.8,425143.2,435013.0,104.76666666666667,90.98637122470193,14.670596807033354,2.321523665437897,4.87800686289106
Neath Port Talbot,W06000012,78889.58333333333,55.56666666666666,110342.8,143340.2,150233.0,105.8,90.43452082288009,36.15115802752875,4.808699862285648,4.855670172597737
Rossendale,E07000125,90103.0,56.199999999999996,129859.2,164567.0,171446.66666666666,106.96666666666665,90.27853308620874,32.02504456108359,4.180465504424746,4.84934554446752
Ashfield,E07000170,90118.91666666667,53.458333333333336,138648.4,169392.4,171131.33333333334,101.53333333333335,89.89501834150617,23.428278532845216,1.026571046477498,4.833775234848714
Hinckley and Bosworth,E07000132,118425.25,53.86666666666667,183908.2,217473.8,224628.66666666666,102.2,89.67970653780901,22.141735206296744,3.2899901811927146,4.825021020984033
Thanet,E07000114,117899.75,46.19166666666666,207401.8,230862.2,223480.66666666666,87.56666666666666,89.55143388062032,7.752520309209787,-3.197376328101076,4.819801294801107
Wigan,E08000010,90940.0,56.1,128401.8,167815.4,172202.0,106.26666666666667,89.35781834176379,34.11182709276661,2.6139436547539807,4.811916407426597
Gravesham,E07000109,158980.58333333334,51.699999999999996,260920.0,300198.6,300376.0,97.66666666666667,88.93879598504428,15.121876437222138,0.059094212964350135,4.794826345706205
Cannock Chase,E07000192,108512.5,55.916666666666664,159491.4,196292.4,204973.0,105.63333333333333,88.89344545559268,28.516647292581297,4.4222802309208165,4.792974593739152
Dudley,E08000027,108716.5,56.23333333333333,161632.4,197792.0,205185.0,106.13333333333333,88.73400081864298,26.9454639045142,3.737764924769449,4.786460882214749
Erewash,E07000036,102674.16666666667,55.025,157072.4,192772.2,193775.33333333334,103.8,88.72842081341462,23.366888984527744,0.5203724050113712,4.786232832756787
Luton,E06000032,141438.75,52.53333333333333,229845.6,263579.2,266737.6666666667,99.03333333333335,88.588817892315,16.0508039599917,1.1982989047188308,4.780525361436205
St Helens,E08000013,87639.08333333333,57.53333333333333,120290.2,156417.6,165068.66666666666,108.39999999999999,88.35051713038989,37.225365546542164,5.530750162812015,4.77077371715906
Liverpool,E08000012,90095.83333333333,60.39166666666667,128139.4,157658.6,169246.66666666666,113.43333333333334,87.85182444619156,32.08011483327271,7.350101210252191,4.750329381983587
Wolverhampton,E08000031,103264.91666666667,56.48333333333334,148111.0,187666.4,193785.66666666666,106.03333333333335,87.65876439158507,30.838132661764938,3.260715112916679,4.742401216674441
Coventry,E08000026,109151.41666666667,55.26666666666667,172061.4,199354.8,204822.66666666666,103.73333333333333,87.65003050044393,19.04045106378691,2.7427815466026795,4.742042373842614
Newport,W06000022,104223.25,55.23333333333333,158587.0,187007.2,195437.66666666666,103.56666666666666,87.51830005940772,23.236877339672635,4.5080973709390015,4.736628186657943
Halton,E06000006,90461.5,58.800000000000004,125194.8,162936.2,169343.66666666666,110.06666666666666,87.19971111098828,35.26413770113987,3.9325003692651794,4.723519441756641
Stevenage,E07000243,151013.66666666666,52.50833333333333,243145.0,269937.6,282659.0,98.3,87.17444999459212,16.25120812683789,4.712718791305859,4.722479157067916
Greenwich,E09000011,224612.08333333334,53.74166666666667,386789.4,417131.4,419484.3333333333,100.33333333333333,86.75946863945059,8.4529031388485,0.5640748534714302,4.7053710562643625
Milton Keynes,E06000042,147262.91666666666,54.65,229653.4,271227.0,273829.0,101.63333333333333,85.94565841706022,19.235770077865165,0.9593440181102864,4.67171826568209
Blaby,E07000129,139932.0,55.525,212123.8,252429.0,260161.33333333334,103.23333333333333,85.91982772584781,22.64598943321463,3.0631715584712227,4.67064787887026
Southend-on-Sea,E06000033,147390.91666666666,53.28333333333333,243253.2,268980.6,273971.0,99.03333333333335,85.8805184172928,12.627911986358242,1.8553010886287025,4.669018693095683
Central Bedfordshire,E06000056,162665.08333333334,55.46666666666667,252776.8,291727.8,302106.6666666667,103.0,85.72311923118103,19.515187575231074,3.5577228727144528,4.662492038584332
Amber Valley,E07000032,110624.83333333333,56.61666666666667,164761.8,196814.8,205429.66666666666,105.16666666666667,85.69941348310883,24.682824942836668,4.377143724286325,4.661508621136323
Crawley,E07000226,161757.5,56.28333333333333,252679.4,289165.8,300206.3333333333,104.46666666666665,85.59036417682849,18.809184022652147,3.8180633163857225,4.6569832834857605
Gloucester,E07000081,111532.41666666667,54.01666666666667,171466.4,204604.0,206964.0,100.26666666666667,85.56398774945102,20.702365011454148,1.1534476354323475,4.655888342241132
Sutton,E09000029,201273.0,53.36666666666667,330435.6,370125.6,373410.6666666667,99.03333333333335,85.52447008126609,13.005580109003612,0.8875545670622875,4.654247610462159
Charnwood,E07000130,129315.33333333333,57.333333333333336,192837.2,226486.4,239063.0,106.0,84.8682548602125,23.97141215491616,5.552916201590907,4.626954816898876
Walsall,E08000030,106650.08333333333,58.31666666666666,157644.4,189598.8,196948.0,107.7,84.66746001917487,24.93180855139796,3.876184870368382,4.6185855802165054
Hackney,E09000012,307489.3333333333,55.21666666666667,549323.4,561045.2,567053.0,101.83333333333333,84.4138766873214,3.2275340901188665,1.070822814275929,4.6080040365683805
South Gloucestershire,E06000025,152966.41666666666,54.24166666666667,236158.4,279684.2,281848.6666666667,99.93333333333334,84.25525864337327,19.347296842571215,0.7738966543933135,4.601378356548236
High Peak,E07000037,122749.5,58.59166666666667,175302.2,215495.8,225394.0,107.60000000000001,83.62111454629144,28.574541563083635,4.593221770447498,4.574836441774677
City of Glasgow,S12000049,92164.75,61.09166666666667,135636.8,163130.8,169131.0,112.13333333333333,83.5094219861715,24.694035836882033,3.6781527461399177,4.570152789132331
City of Peterborough,E06000031,112511.0,54.05833333333334,169476.4,197570.2,206342.0,99.13333333333333,83.3971789425034,21.752645206058197,4.439839611439367,4.565443391657431
Rugby,E07000220,127716.91666666667,55.75,197152.2,231014.0,234039.0,102.13333333333333,83.24823845444644,18.709808969922715,1.3094444492541601,4.559190150282411
Bromley,E09000006,224030.91666666666,55.166666666666664,358099.4,391397.4,410331.0,101.03333333333335,83.15820249511694,14.585782606728737,4.83743632430873,4.555407721833116
Folkestone and Hythe,E07000112,137773.58333333334,53.824999999999996,216772.8,250442.2,252002.0,98.43333333333334,82.91024585627504,16.25166995121159,0.6228183588868008,4.544982103656459
Leeds,E08000035,117464.66666666667,58.96666666666667,174650.4,207258.8,214717.66666666666,107.76666666666667,82.79340737924026,22.941411337544416,3.5988178386957115,4.540064958343559
Dacorum,E07000096,207069.25,57.074999999999996,328545.8,363461.6,378077.0,104.23333333333333,82.58481160288164,15.075888962817373,4.021167573135664,4.531278964824015
Swale,E07000113,140788.91666666666,52.74166666666667,230457.8,255233.2,256989.0,96.3,82.53496516948837,11.512389686962221,0.6879199101057276,4.52917807104638
Nuneaton and Bedworth,E07000219,115188.66666666667,56.75833333333333,171408.2,204467.2,210209.0,103.60000000000001,82.49104367906564,22.63648996955805,2.8081765681732707,4.5273264572399885
Fenland,E07000010,109619.33333333333,54.175000000000004,167532.6,191900.6,199748.66666666666,98.7,82.22028960828078,19.229730014735424,4.089651969127073,4.5159030571914505
Birmingham,E08000025,115494.16666666667,55.025,176701.4,210106.0,210269.33333333334,100.16666666666667,82.06056582944305,18.996982102763948,0.07773853832511168,4.5091567660833
Warrington,E06000007,115561.16666666667,57.675000000000004,166007.2,199858.2,210276.66666666666,104.89999999999999,81.96135668412255,26.667196764156408,5.212929300207159,4.504963684894592
Huntingdonshire,E07000011,138340.58333333334,55.75,211346.0,242379.6,251712.66666666666,101.43333333333334,81.95142784685379,19.099801589179187,3.8505990878220153,4.504543925343496
Breckland,E07000143,127754.33333333333,55.23333333333333,194651.8,220696.8,232291.0,100.46666666666665,81.82631769829074,19.336682219224286,5.253451794498165,4.499252848487734
Dartford,E07000107,169295.75,54.949999999999996,281895.4,304659.8,307322.6666666667,99.73333333333333,81.53005416064293,9.020106985309685,0.8740459577097681,4.486710002178329
Burnley,E07000117,63935.5,60.275,88626.2,111106.0,116000.33333333333,109.33333333333333,81.43337165320257,30.88717933673488,4.405102634721203,4.482612671175845
Cheshire East,E06000049,135599.75,60.75,193846.2,234974.6,246014.33333333334,110.2,81.42683399735866,26.91212586748326,4.698266677901919,4.4823355372968
Sevenoaks,E07000111,226873.16666666666,57.23333333333333,345242.0,398571.0,410950.6666666667,103.63333333333333,81.13674380472497,19.032639906693483,3.1060128977438595,4.470029174338341
West Northamptonshire,E06000062,134866.33333333334,56.34166666666667,207349.2,237219.0,244225.0,102.0,81.0867056023371,17.78439463475141,2.953389062427547,4.467904580584614
Swindon,E06000030,123510.83333333333,55.833333333333336,186398.4,219854.0,223410.66666666666,100.96666666666665,80.883458266144,19.85653667985705,1.6177402579287348,4.459269218995621
Harlow,E07000073,156995.83333333334,53.18333333333334,252985.8,281423.0,283795.6666666667,96.13333333333333,80.76636853419676,12.178496447890241,0.8430962169640344,4.45429035046192
Tewkesbury,E07000083,149391.83333333334,59.36666666666667,218473.8,254830.8,269483.6666666667,107.10000000000001,80.38714744558773,23.348276391341514,5.7500375412496085,4.438144647099551
Newham,E09000025,215129.08333333334,52.64166666666667,388038.6,407189.4,387884.0,94.93333333333334,80.30291115915288,-0.03984139722181812,-4.741135206368341,4.43455393826222
Knowsley,E08000011,96327.08333333333,59.583333333333336,129618.8,170606.0,173468.66666666666,107.26666666666667,80.08296386011202,33.82986624368274,1.67794020530736,4.42517099495412
Maldon,E07000074,171640.08333333334,55.5,263997.6,295550.6,309062.3333333333,99.96666666666665,80.06419440680375,17.07012993047412,4.571715751324246,4.424369799233996
Adur,E07000223,181123.0,56.35833333333333,283728.8,318816.0,325862.3333333333,101.36666666666667,79.91217754417347,14.849931812820305,2.2101567466291883,4.417877932159642
Monmouthshire,W06000021,150453.41666666666,58.041666666666664,224489.2,262538.4,270625.6666666667,104.46666666666665,79.87339381347829,20.551753343442215,3.0804128716662715,4.416220862678988
Harborough,E07000131,154165.25,57.76666666666667,238313.2,268938.2,276765.0,103.73333333333333,79.52489293144855,16.134985388975508,2.910259680476779,4.401315983916287
Sheffield,E08000039,107821.33333333333,57.53333333333333,156833.6,191491.0,193554.33333333334,103.33333333333333,79.5139490020528,23.413817787344883,1.077509299827839,4.400847493935789
Bassetlaw,E07000171,99793.0,61.55833333333334,143269.6,171253.2,178977.33333333334,110.36666666666667,79.3485849040848,24.923454335974515,4.510358541232118,4.393765331373456
Lichfield,E07000194,145598.33333333334,59.30833333333334,210744.6,255506.4,260841.33333333334,106.23333333333333,79.15131812406277,23.771301059829455,2.087984227922801,4.385308933876941
North West Leicestershire,E07000134,133474.41666666666,58.666666666666664,195881.4,230571.8,239056.66666666666,105.10000000000001,79.1029866522486,22.041534656514948,3.6799238530759837,4.383235753286674
Redditch,E07000236,115956.16666666667,56.34166666666667,175950.4,205829.0,207626.66666666666,100.93333333333334,79.05616633871706,18.002952347176638,0.8733787108068602,4.381226899618418
Forest of Dean,E07000080,141643.08333333334,58.43333333333334,207848.4,232880.2,253589.0,104.63333333333333,79.033803862643,22.006712584749266,8.892469175138107,4.3802672524333675
Merton,E09000024,284277.0833333333,55.824999999999996,486852.8,514716.6,508832.6666666667,99.93333333333334,78.99179937414348,4.5146842467922,-1.1431403870272083,4.378464401863047
Rochford,E07000075,187494.5,55.23333333333333,295592.8,320499.6,335067.0,98.7,78.70764209083467,13.354249494574976,4.545216281081177,4.366257945871932
Solihull,E08000029,150169.41666666666,56.949999999999996,229597.8,264351.6,268312.6666666667,101.76666666666667,78.67330953428713,16.86203729594391,1.4984084328094616,4.364781915663674
Slough,E06000039,173570.16666666666,55.69166666666666,280474.8,315066.0,310068.3333333333,99.39999999999999,78.64149080919245,10.551227180956491,-1.5862284939240356,4.363413725847187
Newcastle-under-Lyme,E07000195,99283.83333333333,60.24166666666667,138968.8,169957.8,177276.66666666666,107.53333333333335,78.5554210739244,27.565803739160643,4.30628465811318,4.3597116372002365
Merthyr Tydfil,W06000024,73848.58333333333,56.44166666666666,103235.4,132652.4,131478.66666666666,100.46666666666665,78.03817044560772,27.358121987871087,-0.8848187694556087,4.337428426946177
Enfield,E09000010,224586.75,55.225,375452.0,402395.0,399116.0,98.13333333333333,77.7112852828584,6.302803021424852,-0.814870960126246,4.323315233275027
South Norfolk,E07000149,145533.0,55.65,223423.2,252912.6,258325.0,98.76666666666667,77.50269698281488,15.62138578267609,2.1400278198871803,4.314296905621218
Orkney Islands,S12000023,104912.66666666667,63.5,130697.6,167597.2,186198.33333333334,112.73333333333333,77.47936378829377,42.46499808208668,11.098713661882975,4.313287483099604
Hillingdon,E09000017,229552.08333333334,56.416666666666664,371484.6,401776.0,407388.3333333333,100.10000000000001,77.47098062349681,9.664931825796641,1.396881180890186,4.31292478712153
Broxbourne,E07000095,190276.08333333334,56.15,304982.0,330634.2,337650.0,99.66666666666667,77.45267512601205,10.711451823386309,2.1219220516207837,4.312132748198683
Rotherham,E08000018,95558.66666666667,61.074999999999996,129542.2,163683.0,169530.0,108.36666666666667,77.40934016101801,30.868550943244742,3.572148604314429,4.310257437120857
Tamworth,E07000199,115902.5,58.34166666666667,169453.4,196764.6,205141.33333333334,103.23333333333333,76.99474414558213,21.060618042089075,4.257235973001916,4.292294403439012
North East Derbyshire,E07000038,120638.33333333333,59.21666666666667,174063.0,204510.2,213321.0,104.73333333333333,76.82687923960047,22.553902897226873,4.308244772143399,4.285010300259828
East Staffordshire,E07000193,109114.25,61.19166666666666,152779.0,185405.0,192791.66666666666,108.06666666666666,76.68789059785193,26.189899571712516,3.9840709078323933,4.278974365319477
Ashford,E07000105,162839.25,56.699999999999996,251953.0,280000.6,287586.0,100.13333333333333,76.60729830185291,14.142717094061187,2.7090656234308064,4.275472425071003
Dover,E07000108,137016.5,53.98333333333333,223250.2,237423.0,241725.66666666666,95.23333333333333,76.42084469145442,8.27567754325267,1.8122366690112912,4.26736486356889
Oadby and Wigston,E07000135,137013.33333333334,57.125,204651.2,237783.4,241537.33333333334,100.7,76.28746594005449,18.02390278353283,1.5787196807402593,4.261560284322896
King's Lynn and West Norfolk ,E07000146,126827.08333333333,54.300000000000004,193798.2,223343.0,223476.66666666666,95.7,76.20579200683343,15.314108524571758,0.05984815582609215,4.258003865199855
Rushcliffe,E07000176,153879.91666666666,59.00833333333333,226879.0,265387.0,270811.3333333333,103.83333333333333,75.98874447011983,19.363772466086914,2.0439333250435565,4.248545295536643
Croydon,E09000008,190753.25,52.725,326909.4,339284.6,335682.0,92.8,75.97708033808075,2.6834957942475812,-1.0618224346168326,4.248036686191736
Chelmsford,E07000070,172265.0,56.76666666666667,265652.2,294466.8,303134.0,99.86666666666667,75.96958174904942,14.109350496626782,2.943353885735167,4.2477096970243045
Pendle,E07000122,75067.75,58.35833333333333,102949.0,125919.4,132018.0,102.66666666666667,75.86513516123767,28.23631118320722,4.843256877018165,4.243153777217157
Wokingham,E06000041,223106.91666666666,58.30833333333334,332248.0,385035.2,392258.6666666667,102.5,75.81645272464661,18.062009904248242,1.8760535833260539,4.2410294116422165
Newark and Sherwood,E07000175,113936.66666666667,59.90833333333333,161963.8,188394.4,200242.66666666666,105.26666666666667,75.74910037740264,23.634211266138895,6.289075825325319,4.238089444662485
Calderdale,E08000033,94246.16666666667,63.26666666666667,127716.2,160253.8,165551.66666666666,111.16666666666667,75.65878010953581,29.624641718643872,3.3059226468680647,4.234145276560808
North Hertfordshire,E07000099,192598.66666666666,60.0,301269.6,336585.8,338017.6666666667,105.33333333333333,75.50363796218737,12.197734742126887,0.4254091131196569,4.22736603448417
City of Derby,E06000015,104715.25,58.73333333333333,150844.4,182906.4,183718.66666666666,103.06666666666666,75.44595144132937,21.793494930316704,0.44408870693790625,4.224843892215491
South Kesteven,E07000141,122795.91666666667,57.90833333333333,179462.8,211258.0,215390.33333333334,101.60000000000001,75.4051267991403,20.019487789855805,1.9560600466412392,4.223058512619016
Barnsley,E08000038,88511.0,62.71666666666667,120608.2,148972.4,155225.66666666666,109.96666666666665,75.37443556921362,28.702415479765598,4.197600808382407,4.22171604292918
North Somerset,E06000024,139413.25,56.94166666666666,208879.6,238191.0,244147.66666666666,99.76666666666667,75.12515249925431,16.88439975309539,2.5007941805805567,4.210804044632832
Hastings,E07000062,115969.5,49.875,191814.0,213176.0,203084.66666666666,87.33333333333333,75.11903273418154,5.875831100267259,-4.733803680214166,4.210535980033114
North Kesteven,E07000139,116223.5,56.51666666666667,174762.0,195423.2,203391.66666666666,98.89999999999999,75.00046605606153,16.38208916507402,4.0775438467216985,4.205340679982172
Wakefield,E08000036,101156.41666666667,60.416666666666664,137713.2,170155.4,177005.66666666666,105.7,74.98214398987703,28.532099077406258,4.025888491735596,4.204537561266175
Bradford,E08000032,95899.08333333333,64.39999999999999,129303.6,158891.0,167526.0,112.5,74.68988667774892,29.56019785992037,5.434543177398332,4.191716382270716
Falkirk,S12000014,81060.41666666667,61.666666666666664,111773.4,135938.2,141496.0,107.63333333333333,74.55622092574981,26.591836698176863,4.088475498425015,4.185845910413533
Bath and North East Somerset,E06000022,191919.0,58.35,286130.6,332585.4,334933.6666666667,101.83333333333333,74.51824293929559,17.0562207141308,0.7060642670023043,4.184177193907224
Basingstoke and Deane,E07000084,171323.91666666666,60.26666666666667,245745.8,285852.2,298698.6666666667,105.10000000000001,74.34732550962191,21.547821637914755,4.494094034143048,4.176663078794585
Bromsgrove,E07000234,149803.33333333334,58.59166666666667,222467.2,254746.4,261173.66666666666,102.13333333333333,74.34436260875368,17.398729640444355,2.523005886115226,4.176532759368978
Havant,E07000090,151020.58333333334,57.49166666666667,225251.6,253169.8,263120.3333333333,100.16666666666667,74.228126739898,16.81174887695951,3.9303792685120076,4.171418652801484
Stoke-on-Trent,E06000021,78787.33333333333,61.76666666666667,108601.6,134765.4,137264.33333333334,107.56666666666666,74.22132153222603,26.392551613727,1.8542840620317635,4.171119141636481
Telford and Wrekin,E06000020,107785.91666666667,59.025,149126.2,185164.6,187305.66666666666,102.56666666666666,73.7756401385153,25.602118652970862,1.1563045348120804,4.151480152136888
South Lanarkshire,S12000029,83011.08333333333,65.325,110011.0,134391.4,144196.66666666666,113.46666666666665,73.70772778333816,31.074771310747696,7.296052177941936,4.1484834923907865
Cardiff,W06000015,133170.08333333334,58.425000000000004,189817.0,228985.6,231241.0,101.43333333333334,73.64335458226665,21.823124377690096,0.9849527655887425,4.145641997100302
Carmarthenshire,W06000010,97481.33333333333,57.833333333333336,134212.8,165218.4,169184.0,100.36666666666667,73.55527895939053,26.056531120727698,2.4002169249914163,4.14175267261625
Shetland Islands,S12000027,91359.66666666667,52.775,134904.6,168573.2,158545.33333333334,91.60000000000001,73.53974583970316,17.524037974489627,-5.948671951808871,4.141066557144857
Wirral,E08000015,108525.08333333333,63.166666666666664,148144.2,176848.4,188115.0,109.5,73.33780746540164,26.981009043891003,6.370767278640921,4.132141529324818
Doncaster,E08000017,90749.41666666667,63.175000000000004,119935.0,149886.6,157239.0,109.43333333333334,73.2672294495924,31.1035144036353,4.9053084131603475,4.129019935939504
Brentwood,E07000068,216076.75,59.84166666666667,341019.4,364524.0,374381.6666666667,103.7,73.26328106409721,9.783099338825485,2.70425724140706,4.1288452681008225
Kirklees,E08000034,102635.33333333333,63.199999999999996,137663.0,169556.8,177393.0,109.23333333333333,72.83813891252527,28.86033284179481,4.6215781378275755,4.110016311788289
Vale of Glamorgan,W06000014,135184.41666666666,59.89166666666667,185898.2,228021.4,233629.0,103.5,72.82243453849773,25.67577308440856,2.4592428605385352,4.109319965432956
Uttlesford,E07000077,203140.25,60.73333333333333,303609.8,333445.4,350919.0,104.89999999999999,72.74715375214906,15.582237464008086,5.240318205019467,4.1059811320729445
Three Rivers,E07000102,248943.66666666666,58.96666666666667,386540.2,419806.2,429873.6666666667,101.86666666666667,72.67909339596241,11.210597673066513,2.3981224352252806,4.102961376913394
Lincoln,E07000138,97571.75,60.199999999999996,140429.8,162783.2,168476.33333333334,103.93333333333334,72.66917251492706,19.97192428767496,3.497371555131812,4.102521107425727
North Lanarkshire,S12000050,77385.41666666667,66.11666666666666,100154.2,124049.4,133592.0,114.13333333333333,72.63200969174855,33.386318297185746,7.692580536463711,4.100871684971907
East Lindsey,E07000137,105530.16666666667,57.09166666666667,150629.4,180203.6,182018.0,98.5,72.47959114376457,20.838295843972034,1.0068611281905504,4.094103347607714
Tonbridge and Malling,E07000115,188211.75,56.199999999999996,289070.6,322297.0,324502.6666666667,96.86666666666667,72.41360683733437,12.257236352180655,0.6843584230280308,4.091171512743297
Braintree,E07000067,153725.5,57.73333333333333,235365.6,258655.0,265034.3333333333,99.53333333333335,72.4075272699281,12.60538215156901,2.466348353340675,4.0909013312515174
West Lothian,S12000040,102844.33333333333,60.824999999999996,140771.2,172723.8,177294.66666666666,104.83333333333333,72.39128391452454,25.94526910807511,2.646344433521408,4.090179418503803
Isle of Anglesey,W06000001,114716.41666666667,62.199999999999996,156420.0,186208.2,197492.66666666666,107.06666666666666,72.15728350417731,26.25793803008993,6.060134122270999,4.0797726056744255
Swansea,W06000011,104226.58333333333,62.38333333333333,138697.4,170059.2,179372.33333333334,107.36666666666667,72.09844897215123,29.326384873352595,5.476406647410625,4.077153967718838
Broadland,E07000144,156549.41666666666,57.175000000000004,230848.2,264369.2,269182.6666666667,98.33333333333333,71.94740957727407,16.60591967650893,1.820736555796465,4.070427628519724
Cheltenham,E07000078,163170.0,59.81666666666666,240519.2,274019.8,279780.6666666667,102.56666666666666,71.46575146575147,16.323630989404037,2.1023541607820606,4.048941004174544
South Holland,E07000140,115040.91666666667,56.449999999999996,167354.2,196107.6,197246.33333333334,96.83333333333333,71.45754662652637,17.86159733865855,0.580667619884867,4.048574504626523
Colchester,E07000071,146787.33333333334,55.90833333333333,223897.0,250026.4,251545.33333333334,95.8,71.3671933545583,12.348684141964084,0.6075091803638966,4.044537465963582
Cheshire West and Chester,E06000050,128949.5,62.05833333333334,175247.8,213241.6,220781.66666666666,106.23333333333333,71.21560507537188,25.982561074470922,3.5359266984803295,4.037759978898037
Warwick,E07000222,176856.08333333334,61.43333333333334,261920.6,293863.8,302327.6666666667,105.03333333333335,70.94558522866757,15.427219801217106,2.8802005101229433,4.025673654295048
Watford,E07000103,198750.25,55.00833333333333,323935.0,349895.6,339677.0,94.0,70.90645168999788,4.859616898451846,-2.920471134818492,4.023920535731063
Spelthorne,E07000213,215600.91666666666,58.6,326143.8,365388.8,368302.0,100.06666666666666,70.82580431205649,12.92626136078625,0.797287711062844,4.020306491860759
Clackmannanshire,S12000005,78518.08333333333,64.65833333333333,103325.2,127618.4,134106.66666666666,110.43333333333334,70.7971730503695,29.790860958088317,5.084115352227148,4.0190230614542966
South Staffordshire,E07000196,142260.83333333334,62.46666666666667,200617.8,241092.8,242949.33333333334,106.7,70.7773866079326,21.100586953567113,0.7700492645708934,4.018135994137406
Reading,E06000038,183248.58333333334,58.19166666666666,271913.6,311170.6,312855.3333333333,99.33333333333333,70.72728620457728,15.05689062015778,0.5414179017340759,4.015889463155298
Rother,E07000064,154258.83333333334,56.23333333333333,232000.6,267069.8,263041.3333333333,95.86666666666667,70.51946241868372,13.379591834388926,-1.5083946843359564,4.0065639988907
Midlothian,S12000019,134683.0,63.666666666666664,188091.2,222870.0,229435.66666666666,108.46666666666665,70.35235825357815,21.98107442914217,2.945962519256362,3.9990580647871976
Rushmoor,E07000092,165855.5,58.80833333333334,247354.8,273311.4,282472.0,100.13333333333333,70.31210903467175,14.197096640129892,3.35170797851827,3.997249143328707
Wyre Forest,E07000239,116158.66666666667,59.99166666666667,165250.0,195918.8,197824.0,102.2,70.30498513527472,19.711951588502274,0.9724436858535412,3.9969289325241686
Haringey,E09000014,313497.75,57.64166666666667,523938.0,541662.4,533843.0,98.16666666666667,70.28607063368078,1.8904908596055314,-1.4435929095318434,3.996078687961746
Torfaen,W06000020,99399.08333333333,58.53333333333333,141659.0,171686.0,168748.33333333334,99.36666666666667,69.76850054787562,19.12291724022712,-1.7110694329570575,3.972778863217674
Hertsmere,E07000098,243115.41666666666,57.083333333333336,389466.6,407377.0,412563.0,96.89999999999999,69.69841141981603,5.930264623461934,1.2730222864815621,3.969618552929255
South Derbyshire,E07000039,130178.75,61.55833333333334,179955.6,218210.2,220822.0,104.39999999999999,69.62983589871618,22.709157147651982,1.196919300747612,3.966525320469594
East Hertfordshire,E07000242,212432.25,61.53333333333333,323681.6,342000.8,360340.6666666667,104.39999999999999,69.6261592421427,11.325656653534445,5.362521569150336,3.9663594449951933
Epping Forest,E07000072,247358.25,58.349999999999994,385404.6,417711.0,419549.6666666667,98.96666666666665,69.61215834388652,8.859537915911408,0.4401767410163293,3.9657277521225165
Boston,E07000136,97714.0,60.61666666666667,136545.2,156023.2,165391.0,102.60000000000001,69.26029023476676,21.12545882242656,6.0041070815109565,3.9498362749978755
Stafford,E07000197,126112.83333333333,65.01666666666667,169118.8,199858.6,213424.0,110.03333333333335,69.23257876214026,26.197678791476765,6.787498761624455,3.948583437523512
Hounslow,E09000018,268943.25,57.15833333333333,425493.0,459828.0,455074.3333333333,96.73333333333333,69.20831191462635,6.952249116515041,-1.0337923455437048,3.9474861756827684
East Dunbartonshire,S12000045,119618.08333333333,66.33333333333333,161341.2,192733.4,202235.33333333334,112.13333333333333,69.06752532539326,25.34636740853131,4.930091687965521,3.9411174215716382
Tunbridge Wells,E07000116,209413.66666666666,59.75833333333333,312482.2,346326.6,353713.0,100.93333333333334,68.9063591838164,13.194607564846894,2.1327844872441215,3.933820724847803
Worthing,E07000229,149767.83333333334,55.14166666666667,228489.8,260589.0,252776.66666666666,93.10000000000001,68.77901017908827,10.629300155484689,-2.9979520752347,3.9280505147260225
Sefton,E08000014,112213.66666666667,64.94166666666666,148297.8,182460.8,189204.66666666666,109.46666666666665,68.61107232927657,27.584270748902995,3.6960633005372445,3.920435045968884
Fareham,E07000087,155421.41666666666,57.69166666666666,228619.4,259381.4,262008.66666666666,97.26666666666667,68.57951258326153,14.604738997069667,1.0128970954226713,3.919003123560616
Hart,E07000089,216920.75,61.53333333333333,309046.4,349567.4,365559.0,103.7,68.52191410918505,18.28612143678101,4.574682879467584,3.916389136931131
Runnymede,E07000212,222087.66666666666,57.28333333333333,339511.8,379824.2,374021.3333333333,96.5,68.41157320757718,10.164457710551833,-1.527776973312045,3.9113792329119157
Maidstone,E07000110,176260.66666666666,59.416666666666664,255217.4,292797.4,296734.6666666667,100.03333333333335,68.34990601041642,16.267412279361327,1.3447068405206597,3.908577978704675
Great Yarmouth,E07000145,109154.08333333333,57.625,154833.2,182779.8,183724.66666666666,96.96666666666665,68.31680598297972,18.65973619783525,0.5169426089024487,3.9070740062009612
Fife,S12000047,87109.25,65.5,115116.2,139624.6,146439.33333333334,110.10000000000001,68.10996918620393,27.210013302500723,4.880754060053416,3.897669711564822
Staffordshire Moorlands,E07000198,111587.16666666667,61.51666666666667,158811.0,183070.0,187585.33333333334,103.39999999999999,68.10654749724804,18.118602195901623,2.466451812603565,3.897514046762085
Tendring,E07000076,134094.66666666666,56.36666666666667,199838.2,226503.0,225218.0,94.7,67.95447991965875,12.700174441122858,-0.5673214041315155,3.890592986068575
Chesterfield,E07000034,103937.83333333333,61.65833333333333,145372.8,171425.0,174560.33333333334,103.56666666666666,67.94686567451377,20.07771284128348,1.8289825482475486,3.8902462858844133
Gosport,E07000088,121770.0,56.333333333333336,178423.2,202661.6,204478.0,94.60000000000001,67.92149133612548,14.602809500109837,0.8962724068101613,3.889090808474416
Wychavon,E07000238,150886.91666666666,62.333333333333336,205266.8,239532.4,253305.66666666666,104.63333333333333,67.87782019978539,23.403135171721235,5.750064152768752,3.8871017665277785
East Suffolk,E07000244,138852.0,56.74166666666667,208307.6,231300.0,233068.0,95.23333333333333,67.85354190072883,11.88646021556583,0.7643752702118478,3.8859957818149216
Ipswich,E07000202,118251.58333333333,56.6,181002.0,198739.2,198413.33333333334,94.96666666666665,67.78915574773843,9.619414886760014,-0.16396698118270603,3.8830619878256645
York,E06000014,157964.33333333334,59.949999999999996,226782.4,261614.0,264462.6666666667,100.39999999999999,67.41922754714673,16.615163551786516,1.0888815838092425,3.8661857487782836
Shropshire,E06000051,136881.0,63.15833333333333,184175.0,219586.6,229027.33333333334,105.7,67.31857111895248,24.353106194289854,4.299321239699205,3.861587792856769
Harrow,E09000015,260829.66666666666,58.25,407261.8,437872.8,436121.3333333333,97.43333333333334,67.20541758414495,7.08623625720195,-0.39999439715522334,3.8564159123734454
Welwyn Hatfield,E07000241,213258.08333333334,58.15,337513.2,355229.4,356308.3333333333,97.13333333333333,67.07846556812811,5.568710596602822,0.3037286140542772,3.8506094871813668
Portsmouth,E06000044,136363.5,57.28333333333333,203521.4,234307.2,227814.0,95.66666666666667,67.06376706376706,11.936140376392856,-2.771233662473882,3.849936955295874
Ealing,E09000009,289607.8333333333,58.041666666666664,448613.2,480290.0,483251.6666666667,96.8,66.86415595342439,7.721232158720848,0.6166413347491462,3.8407982933132745
West Suffolk,E07000245,147444.33333333334,58.11666666666667,220386.4,241016.0,245903.33333333334,96.93333333333334,66.77706614699785,11.578270407490376,2.0278045164359826,3.8368079453739545
West Berkshire,E06000037,191189.75,61.39166666666667,271297.6,309250.2,318842.6666666667,102.39999999999999,66.7676570876141,17.52505981131669,3.1018465522954175,3.836376718296841
Conwy,W06000003,109842.58333333333,60.875,150629.6,178854.8,183049.66666666666,101.43333333333334,66.64727022231057,21.52303841121974,2.3454034594915463,3.830857271793753
City of Edinburgh,S12000036,149086.83333333334,65.65833333333333,207425.2,238680.2,248269.33333333334,109.3,66.52666622695274,19.6910179348186,4.017565484415275,3.825324165384658
Test Valley,E07000093,172190.83333333334,58.666666666666664,247992.0,291922.2,286694.3333333333,97.66666666666667,66.49802302677743,15.606282998376276,-1.7908424459211036,3.8240095185079426
Babergh,E07000200,161544.91666666666,61.975,235318.4,258950.2,268568.6666666667,103.03333333333335,66.25015024201217,14.129905127124221,3.7144078925857915,3.8126240556835
South Cambridgeshire,E07000012,208691.16666666666,61.666666666666664,305085.2,342008.2,346914.6666666667,102.53333333333335,66.23351731066722,13.710749215847473,1.434604979256826,3.811859497557313
Mid Sussex,E07000228,201658.16666666666,61.44166666666666,288455.8,326765.8,335156.0,102.13333333333333,66.20006297786105,16.189724734257393,2.567649368446756,3.810321503345504
Mid Suffolk,E07000203,155244.33333333334,58.824999999999996,233775.0,250052.4,257991.33333333334,97.76666666666667,66.18405824796612,10.35882080347914,3.174907872643229,3.8095856173496756
East Renfrewshire,S12000011,131034.58333333333,65.45833333333333,179892.6,211172.2,217676.0,108.73333333333333,66.12103038956,21.003309752596834,3.079856155308325,3.8066870031286504
Kingston upon Thames,E09000021,280822.25,58.40833333333333,426956.2,461487.2,466416.6666666667,97.0,66.08964092648168,9.242275124864484,1.0681697491645936,3.8052430400786763
Bracknell Forest,E06000036,192064.0,58.86666666666667,285764.4,320958.4,318955.6666666667,97.76666666666667,66.0673872598023,11.614906078807108,-0.6239853306015175,3.8042191844047224
South Oxfordshire,E07000179,228437.75,62.11666666666667,339918.8,378816.0,378859.6666666667,103.03333333333335,65.8480993910449,11.455932024550197,0.011527144224809938,3.7941232969745498
Derbyshire Dales,E07000035,168319.08333333334,61.275,232700.8,271770.0,279091.0,101.63333333333333,65.81067011118267,19.935556732078275,2.6938219818228637,3.7923988390369923
Vale of White Horse,E07000180,202133.5,65.10833333333333,280595.2,313292.6,334827.0,107.83333333333333,65.6464663205258,19.32741543689984,6.873574415737882,3.7848293073215133
Buckinghamshire,E06000060,216762.16666666666,62.03333333333333,317097.4,357556.6,358631.3333333333,102.63333333333333,65.44922891679283,13.098162688603976,0.30057712075048926,3.77572778399764
West Lindsey,E07000142,108952.58333333333,61.75,148424.4,173943.2,180214.66666666666,102.16666666666667,65.40651093633238,21.418490939944277,3.6054681451569426,3.773755237895138
Epsom and Ewell,E07000208,246878.83333333334,58.30833333333334,375496.2,411259.2,408082.0,96.36666666666667,65.29647134593016,8.678063852576923,-0.772554145901172,3.768671873699625
Canterbury,E07000106,172722.08333333334,57.11666666666667,269674.2,286286.8,285448.0,94.43333333333334,65.26433359949628,5.849206190284417,-0.29299290082531737,3.7671866540907484
Chorley,E07000118,108783.66666666667,63.46666666666667,146057.2,175905.4,179693.66666666666,104.83333333333333,65.18441800392827,23.029653222618695,2.153581792637782,3.763492260137191
City of Kingston upon Hull,E06000010,75110.75,63.300000000000004,103122.4,121658.8,123858.66666666667,104.39999999999999,64.90138451109418,20.108401924961683,1.808226504508248,3.7503946601797233
Rutland,E06000017,150740.0,58.51666666666667,222842.0,262695.8,248534.33333333334,96.46666666666665,64.87616646764849,11.529394518687376,-5.3908234035971,3.7492266649364225
Cherwell,E07000177,184917.66666666666,62.24166666666667,257132.8,295677.4,304688.0,102.56666666666666,64.76954608627625,18.494412225900405,3.0474429225906263,3.7442866210854797
Wrexham,W06000006,107051.58333333333,64.625,139386.0,171219.2,176285.0,106.39999999999999,64.67294972283612,26.472529522333655,2.9586635143722173,3.739808462744909
North Lincolnshire,E06000013,96658.0,63.03333333333333,132891.8,152698.6,159071.33333333334,103.73333333333333,64.57130639298695,19.699886173062108,4.173406523264345,3.7350937012951
East Lothian,S12000010,133223.5,62.03333333333333,189785.0,218063.4,219233.0,102.10000000000001,64.56030655252265,15.516505519403534,0.5363577748489723,3.734583308089956
Surrey Heath,E07000214,204973.91666666666,61.15833333333333,293320.2,325725.8,336860.6666666667,100.5,64.34318675506276,14.844005515701507,3.4184785689886033,3.724502463347079
Brighton and Hove,E06000043,210372.41666666666,56.05833333333334,323481.4,352474.6,345723.6666666667,92.10000000000001,64.33887680934092,6.87590280821917,-1.9152964024452546,3.7243022282524407
Elmbridge,E07000207,307587.8333333333,60.75833333333333,453833.0,495644.8,505145.0,99.76666666666667,64.22788721053662,11.306361591157987,1.9167355331882963,3.7191441033879835
Blackburn with Darwen,E06000008,87569.58333333333,68.48333333333333,109671.8,139302.4,143642.66666666666,112.36666666666667,64.03260264456361,30.975024269380704,3.115715642132977,3.710060613742372
Melton,E07000133,145301.16666666666,62.76666666666667,207496.8,236120.0,238199.66666666666,102.89999999999999,63.93513702000557,14.796790440463026,0.8807668417188941,3.705523337676242
City of Plymouth,E06000026,119764.08333333333,63.625,155869.8,188601.0,196122.33333333334,104.16666666666667,63.757219923335406,25.824459474082452,3.987960473875196,3.697234389875881
North Warwickshire,E07000218,136192.41666666666,61.23333333333333,197825.2,223109.6,222892.66666666666,100.23333333333333,63.660115681918185,12.671523479651036,-0.09723173423884512,3.692706897832032
North Tyneside,E08000022,107662.41666666667,65.38333333333334,141019.2,171064.6,176063.0,106.89999999999999,63.53246142069076,24.85037498439928,2.921937092770799,3.6867512213826004
Renfrewshire,S12000038,80507.91666666667,71.89166666666667,101263.0,123760.2,131605.66666666666,117.53333333333335,63.46922404111395,29.964218585926417,6.339248536012909,3.683799302460389
East Hampshire,E07000085,193067.0,60.14166666666667,279369.8,308342.2,315605.0,98.33333333333333,63.46915837507188,12.97033537626473,2.3554349680322773,3.6837962366217836
Stroud,E07000082,169400.91666666666,62.791666666666664,242609.4,277696.2,276397.6666666667,102.46666666666665,63.16184829775126,13.927022888093665,-0.4676093275073012,3.6694359273231614
East Riding of Yorkshire,E06000011,113414.83333333333,64.35833333333333,154775.2,177860.8,184881.33333333334,104.93333333333334,63.01336244965019,19.451522810717314,3.9472066544923745,3.6624883436620737
Hyndburn,E07000120,77012.0,66.85833333333333,92245.0,120251.0,125317.0,108.83333333333333,62.723991066327336,35.852349720852075,4.212854778754438,3.648931929700283
Somerset,E06000066,142310.0,60.64166666666667,200097.4,227200.0,231352.33333333334,98.60000000000001,62.569273651418264,15.619859794946533,1.827611502347426,3.6416745933958827
Eastbourne,E07000061,132952.58333333334,53.65,201497.6,220186.0,216128.33333333334,87.2,62.56046171849488,7.26099632617625,-1.8428359054011856,3.641261059124168
Stirling,S12000030,107563.75,65.76666666666667,145836.8,174357.6,174801.66666666666,106.86666666666667,62.50982944222998,19.86115072921695,0.25468730165283393,3.638884539826015
Worcester,E07000237,136776.41666666666,62.74166666666667,184415.8,223606.8,222055.66666666666,101.86666666666667,62.34938162463437,20.410326374782795,-0.6936879081196667,3.631349092026781
Herefordshire,E06000019,138863.58333333334,62.958333333333336,187437.4,219674.0,224869.0,101.96666666666665,61.93518459063241,19.970187379893247,2.364867940675719,3.611864347216387
Denbighshire,W06000004,106940.0,63.65833333333333,142777.0,171112.8,173084.66666666666,103.03333333333335,61.8521289196434,21.22727516803593,1.1523782362667712,3.6079516682053114
Mole Valley,E07000210,247165.91666666666,63.80833333333334,350696.8,382324.0,398433.3333333333,102.86666666666667,61.200758869463854,13.611910155249006,4.213529188158027,3.5772015464828444
Brent,E09000005,299158.9166666667,60.86666666666667,473321.6,496922.2,481624.3333333333,98.0,60.992805663210746,1.7541420745077696,-3.0785234925440386,3.5673601705956903
Wealden,E07000065,188463.0,60.175000000000004,272597.2,300107.2,303359.3333333333,96.86666666666667,60.964928571302224,11.284831000954277,1.083657217598688,3.566039993466963
Norwich,E07000148,125254.41666666667,57.416666666666664,184213.8,208024.4,201493.66666666666,92.33333333333333,60.867514319189,9.380332345712784,-3.1394073643925102,3.561425076974767
St Albans,E07000240,284297.6666666667,61.63333333333333,419672.0,472444.8,457310.6666666667,99.13333333333333,60.856285606752536,8.968591344351463,-3.203365416093751,3.5608929599758588
Reigate and Banstead,E07000211,223465.91666666666,60.25833333333333,340535.8,370028.0,359234.0,96.86666666666667,60.75561112787149,5.490817705509965,-2.9170765455587166,3.5561205632514525
Teignbridge,E07000045,151992.5,62.06666666666666,204646.2,239922.6,244057.0,99.7,60.571738737108745,19.25801700691241,1.723222405892555,3.547397082282333
Flintshire,W06000005,113588.75,64.60000000000001,150832.6,180398.2,182154.66666666666,103.56666666666666,60.363298888901106,20.766112012036288,0.9736608606220276,3.5374968459860323
Windsor and Maidenhead,E06000040,266540.3333333333,61.675000000000004,381818.8,434606.4,427327.6666666667,98.89999999999999,60.32382841371102,11.918969591509555,-1.6747874245140792,3.5356207804012163
Cotswold,E07000079,201334.33333333334,57.49166666666667,283514.0,330856.4,322561.6666666667,92.10000000000001,60.21195258963945,13.772747259982454,-2.5070493825518625,3.530300900315586
West Oxfordshire,E07000181,216361.66666666666,64.425,292983.8,335876.6,346371.0,103.13333333333333,60.08889436668541,18.22189486244632,3.1244808361166054,3.524445302660406
Richmond upon Thames,E09000027,393454.25,62.625,586012.4,650384.2,629138.3333333334,100.16666666666667,59.90126763996917,7.359218564885883,-3.26666402207596,3.5155092492968665
Malvern Hills,E07000235,162691.66666666666,61.875,222600.2,249484.0,259951.66666666666,98.83333333333333,59.78179583055883,16.779619545115708,4.19572664646497,3.5098141307404296
Waverley,E07000216,250955.25,62.75,349918.8,399549.0,399528.6666666667,99.89999999999999,59.20315142507147,14.177536807587,-0.005089071261177303,3.4821747031228867
North East Lincolnshire,E06000012,84587.41666666667,65.81666666666666,111816.8,131115.8,134608.66666666666,104.76666666666667,59.13556882475621,20.383222079925957,2.663955577181909,3.478940497269889
Wiltshire,E06000054,167090.25,63.475,229121.2,258882.2,265775.6666666667,100.93333333333334,59.061146097194,15.997850337143248,2.6627812443909438,3.4753774805879933
North Norfolk,E07000147,145729.08333333334,57.5,222730.6,243678.6,231181.33333333334,91.23333333333335,58.63774618312863,3.7941501227641616,-5.128586041887417,3.4550776133211336
Northumberland,E06000057,109924.91666666667,71.18333333333334,135296.4,160994.8,174322.33333333334,112.89999999999999,58.58309346000566,28.84476847376083,8.278238386167347,3.4524536372909864
Arun,E07000224,162357.75,59.40833333333333,233930.4,260196.0,257167.66666666666,94.10000000000001,58.39568278487886,9.933410393290764,-1.1638662136748246,3.4434493457843995
West Lancashire,E07000127,124579.16666666667,71.14999999999999,156182.6,192373.2,196845.66666666666,112.43333333333334,58.00849526740024,26.03559338022714,2.324890715893191,3.424815320105057
Horsham,E07000227,209337.75,65.52499999999999,281274.8,314852.4,329744.6666666667,103.2,57.51801415017916,17.232210872309462,4.729920009079391,3.4011492955677625
South Tyneside,E08000023,93557.08333333333,69.85833333333333,116396.2,137450.6,147361.0,110.06666666666666,57.50918556852547,26.602930336213724,7.210154048072548,3.4007226857795336
Mid Devon,E07000042,155217.91666666666,61.14166666666667,207764.2,242764.6,244144.33333333334,96.16666666666667,57.291335031662484,17.510299336138434,0.5683420619535751,3.3901888104579836
Eastleigh,E07000086,160066.41666666666,60.949999999999996,225975.6,256223.4,251523.66666666666,95.8,57.137063416904546,11.30567488997336,-1.8342326787222918,3.3827210324305357
Argyll and Bute,S12000035,93022.5,66.90833333333333,115359.2,136928.2,146154.66666666666,105.10000000000001,57.11754324670552,26.695284525782647,6.738178597737088,3.3817756416101075
North Devon,E07000043,151381.58333333334,63.61666666666667,202040.6,233615.0,237787.66666666666,99.93333333333334,57.07833240393067,17.693011536625146,1.7861296006963068,3.3798762734337906
South Ribble,E07000126,118610.41666666667,68.55833333333334,148718.4,181567.8,186267.33333333334,107.63333333333333,57.041294152776075,25.248344073990413,2.588307691855807,3.3780817418727294
Stratford-on-Avon,E07000221,195770.33333333334,67.21666666666667,256166.4,293289.2,307059.0,105.39999999999999,56.846542972973424,19.867008319592273,4.694956377527704,3.3686394426123423
Southampton,E06000045,133409.0,60.916666666666664,185372.0,213080.4,208984.0,95.39999999999999,56.649101634822244,12.737630278574974,-1.9224668247290633,3.359055620183038
Lancaster,E07000121,114025.41666666667,66.875,142670.2,174345.0,178378.33333333334,104.60000000000001,56.43734401321343,25.02844555718946,2.313420707983216,3.348764439062113
Islington,E09000019,395923.0833333333,66.08333333333333,598982.8,611824.2,619284.0,103.33333333333333,56.41522964161601,3.3892792914921754,1.2192718104318212,3.3476889614823424
Tandridge,E07000215,220789.5,60.25,326094.0,352120.6,345253.6666666667,94.23333333333333,56.37232144946507,5.875504200220383,-1.9501651801494435,3.345601826179112
Oxford,E07000178,266737.8333333333,66.325,388394.8,413819.4,416564.6666666667,103.56666666666666,56.17007211200513,7.252894906591623,0.6633972855469406,3.335756887698116
Woking,E07000217,215985.83333333334,61.35,320617.2,346672.6,336518.0,95.56666666666666,55.80558910113702,4.959434490726,-2.9291614047374903,3.3179850020231605
Guildford,E07000209,249528.41666666666,64.54166666666667,359379.4,390770.2,388535.6666666667,100.46666666666665,55.707983826825355,8.112948785229946,-0.5718279780119739,3.3132193130191556
Powys,W06000023,124522.58333333333,65.14166666666667,165491.6,192479.8,193531.66666666666,101.23333333333333,55.41893003344105,16.94349844141132,0.546481587505121,3.299089680329459
Perth and Kinross,S12000048,111282.16666666667,67.94166666666666,144361.6,166687.8,172694.0,105.43333333333334,55.1856916277391,19.62599472435882,3.6032631062381304,3.2876706774715547
Cambridge,E07000008,259718.5,62.43333333333334,383137.8,413436.2,402703.3333333333,96.83333333333333,55.05377296316332,5.1066570130468225,-2.5960152175031337,3.2812050961174455
Scottish Borders,S12000026,93018.83333333333,69.98333333333333,117665.4,136862.8,144089.66666666666,108.43333333333334,54.90375604940218,22.4571256007855,5.280373239964886,3.2738462900916865
East Ayrshire,S12000008,70252.08333333333,70.36666666666666,85635.6,102042.4,108818.0,109.0,54.89647400729516,27.07098449710166,6.63998494743363,3.27348891480983
North Ayrshire,S12000021,74646.0,70.78333333333333,91536.6,107984.4,115454.33333333333,109.5,54.66914949673569,26.129147612357585,6.917604147759615,3.262324847409026
Chichester,E07000225,226910.0,64.93333333333334,321579.2,350367.6,350445.0,100.26666666666667,54.4422898946719,8.97626463403105,0.02209108376460822,3.25116844774771
Gwynedd,W06000002,113349.41666666667,65.825,144608.4,168867.2,174842.66666666666,101.53333333333335,54.251051137595894,20.907683555496547,3.5385596887179016,3.2417519948641838
West Dunbartonshire,S12000039,72774.83333333333,71.26666666666667,89531.0,104347.4,112135.0,109.8,54.084859921813646,25.247121108889647,7.463147141184168,3.2335600769128447
Southwark,E09000028,339945.8333333333,64.80833333333332,531788.6,513574.4,523138.0,99.7,53.88863421868682,-1.6266990304041773,1.8621644692570216,3.2238771510033404
West Devon,E07000047,162156.16666666666,67.26666666666667,208210.4,236708.2,249303.66666666666,103.39999999999999,53.74294532945094,19.73641406321043,5.321094354427358,3.216680606134026
Highland,S12000017,113825.5,68.97500000000001,141821.6,168657.6,174817.33333333334,105.93333333333334,53.58362874165572,23.265661460125497,3.6522121347234426,3.208803663238702
Torbay,E06000027,129332.33333333333,59.60833333333333,173078.6,202800.2,198210.66666666666,91.36666666666667,53.256855078776375,14.520608941062996,-2.2630812658633204,3.1926235814939252
New Forest,E07000091,191067.83333333334,60.78333333333333,271317.0,293599.4,292706.6666666667,93.13333333333333,53.19515669391413,7.883644101426257,-0.30406510821661126,3.1895650215066906
Lambeth,E09000022,313470.6666666667,60.98333333333333,513554.6,502751.4,480043.0,93.36666666666667,53.138092665767765,-6.525421055521652,-4.516824816400322,3.1867351834705904
Barnet,E09000003,305896.4166666667,60.69166666666666,451881.4,486926.2,467232.6666666667,92.7,52.742118315105024,3.3971893215048565,-4.044459577926451,3.1670716362543594
Dorset,E06000059,169505.5,63.28333333333333,230568.2,259727.6,258888.33333333334,96.63333333333333,52.73152395251679,12.282757697433277,-0.3231334161893695,3.166544886254141
Torridge,E07000046,141694.83333333334,57.416666666666664,186568.8,216643.2,216345.66666666666,87.66666666666667,52.68423101759767,15.96026059376845,-0.13733795167969465,3.164193076271271
Newcastle upon Tyne,E08000021,118620.16666666667,73.18333333333332,145687.2,172939.4,180998.0,111.66666666666667,52.586195995340866,24.237407267076307,4.659782559671188,3.1593157847777276
North Yorkshire,E06000065,145205.0,67.29166666666667,188198.8,216853.0,220314.33333333334,102.06666666666666,51.72640978845999,17.0646854992345,1.5961657589857348,3.1164161809361435
Cumberland,E06000063,101611.16666666667,74.39999999999999,120707.6,146030.0,153702.33333333334,112.53333333333335,51.26519887085901,27.33442909421886,5.2539432536693464,3.093310864328269
Isle of Wight,E06000046,132244.75,60.15,184573.4,205041.2,200012.33333333334,90.93333333333334,51.24406324888764,8.364657818154386,-2.452612775708818,3.092250468351865
Cornwall,E06000052,153413.08333333334,62.35833333333333,206873.0,234538.0,231058.66666666666,93.93333333333334,50.61210011966602,11.691069722325608,-1.4834838419929164,3.060480639039853
Moray,S12000020,107902.58333333333,67.93333333333334,134573.4,161098.8,162429.66666666666,102.26666666666667,50.533621762222246,20.69968260196047,0.8261182992465921,3.056526786122493
Preston,E07000123,110423.16666666667,75.05,126723.2,157342.8,166109.66666666666,112.86666666666667,50.43008788916576,31.080707137025154,5.571825763026128,3.0513076777927584
East Devon,E07000040,180894.75,67.40833333333333,234834.4,268283.8,272094.3333333333,101.36666666666667,50.41582651422074,15.866471578837405,1.4203367230273711,3.050588505855578
Tower Hamlets,E09000030,299787.9166666667,60.475,498597.6,495646.2,450774.3333333333,90.89999999999999,50.36441039568249,-9.591555728841584,-9.053205021377487,3.047995171775897
Winchester,E07000094,232702.08333333334,64.89166666666667,328485.8,351956.4,349740.3333333333,97.53333333333335,50.29531679454236,6.470457271922658,-0.6296423837346632,3.044508924098799
Exeter,E07000041,164422.25,62.59166666666667,221344.2,250676.2,246054.0,93.66666666666667,49.647629806793184,11.16351817666783,-1.843892639189526,3.0117562715309187
Lewes,E07000063,194078.75,61.199999999999996,270485.4,296453.8,290193.3333333333,91.53333333333335,49.5234966905616,7.286135715026876,-2.1117849279269407,3.005464035664729
Bournemouth Christchurch and Poole,E06000058,167226.58333333334,60.65833333333333,235318.0,256266.4,249386.66666666666,90.43333333333334,49.13099442423179,5.97857650781779,-2.6846021692010114,2.985536431909175
Pembrokeshire,W06000009,120470.0,65.60000000000001,153081.0,184553.2,179539.66666666666,97.76666666666667,49.03267756841261,17.28409578371364,-2.7165789232228676,2.980537209902434
Blackpool,E06000009,85246.25,70.28333333333333,101605.6,121707.0,126624.66666666667,104.39999999999999,48.53986734509339,24.623708404523637,4.040578328827982,2.9554326323081748
Ceredigion,W06000008,132181.58333333334,65.13333333333334,162563.2,193537.0,195962.0,96.60000000000001,48.252120347073046,20.54511722210193,1.252990384267605,2.940738616598204
Wyre,E07000128,112935.33333333333,69.96666666666667,134623.4,162071.4,167361.33333333334,103.66666666666667,48.19218077601932,24.31815964634183,3.2639523897080913,2.9376744328322157
Westmorland and Furness,E06000064,129089.08333333333,70.71666666666665,165431.8,191887.0,191173.0,104.73333333333333,48.09385508327906,15.56000720538615,-0.3720939928186895,2.9326454164397164
Dumfries and Galloway,S12000006,95314.5,71.97500000000001,113985.4,134119.4,140285.33333333334,105.96666666666665,47.181523622673716,23.07307193143451,4.597346344625275,2.885834771772866
County Durham,E06000047,84735.25,74.53333333333335,95812.0,118189.8,124609.0,109.63333333333333,47.056862403781196,30.055734146035995,5.431263950019383,2.8794176900940327
Sunderland,E08000024,87406.0,73.91666666666667,102704.4,121430.0,128214.0,108.43333333333332,46.68787039791318,24.83788425812332,5.586757802849385,2.860393818806406
Darlington,E06000005,95767.66666666667,72.875,111959.6,132285.6,140351.66666666666,106.8,46.55433462233249,25.35920695203149,6.097463871099085,2.8534982789621743
South Ayrshire,S12000028,94140.5,73.55,114242.6,130491.0,137317.0,107.3,45.863894923014016,20.197719589715213,5.231012100451382,2.817752137705032
South Hams,E07000044,201871.66666666666,66.25833333333334,271311.8,297115.6,291006.3333333333,95.5,44.15412431990622,7.2590036015143244,-2.056191821185649,2.728552927954997
Wandsworth,E09000032,404607.8333333333,65.22500000000001,587798.4,601845.8,580222.6666666666,93.53333333333335,43.40371561433767,-1.288831907901311,-3.5928028962457503,2.6890940395711604
Stockton-on-Tees,E06000004,101228.08333333333,73.00833333333334,117533.8,140535.0,145076.66666666666,104.60000000000001,43.31661915295244,23.43399657516958,3.23169791629605,2.684501846904719
Redcar and Cleveland,E06000003,92628.08333333333,72.0,108640.0,133799.6,132389.33333333334,102.89999999999999,42.92569658050071,21.860579283259707,-1.0540141126480718,2.663858415726339
Ribble Valley,E07000124,153075.91666666666,73.125,177982.6,208700.8,218590.66666666666,104.43333333333334,42.79886178481156,22.815750902990885,4.738777554598106,2.6571494167756837
Gateshead,E08000037,96497.41666666667,72.59166666666667,118466.0,136082.2,137347.0,103.33333333333333,42.332307686993346,15.937906234700261,0.9294382365952147,2.6324231782964835
Fylde,E07000119,135909.0,70.08333333333333,164333.4,192451.8,191940.0,99.0,41.22685031896343,16.799141257954876,-0.2659367176612526,2.573535566582752
Hartlepool,E06000001,80529.75,72.875,91624.4,111392.2,113691.66666666667,102.86666666666667,41.179708948142355,24.084486956167428,2.0642977395784134,2.5710148682104528
Middlesbrough,E06000002,89389.5,75.14999999999999,99376.6,121302.0,126109.66666666667,106.0,41.07883662697147,26.900766042173572,3.9633861491704003,2.5656184994198084
City of London,E09000001,518082.9166666667,60.025,732066.2,765318.2,717680.6666666666,83.16666666666667,38.52621724804346,-1.965059079811815,-6.224539457356871,2.4278574159871447
Angus,S12000041,101556.41666666667,78.24166666666666,120220.0,133937.4,139416.66666666666,107.39999999999999,37.28001759284862,15.967947651527737,4.09091610458816,2.359745418984449
City of Dundee,S12000042,90300.75,79.875,109608.8,116673.6,121603.33333333333,107.56666666666666,34.664809908371,10.94303863680044,4.2252346146286035,2.2149269253358694
Camden,E09000007,514308.5,67.94166666666666,701801.8,757967.6,690930.0,91.3,34.34154792308508,-1.5491268332455177,-8.844388599196062,2.1968455414017374
Inverclyde,S12000018,71596.91666666667,84.39999999999999,77354.4,91888.8,94556.0,111.43333333333334,32.067139762769116,22.237390503966182,2.9026388417304316,2.0684769945890746
Na h-Eileanan Siar,S12000013,88242.83333333333,76.89166666666667,105239.8,116128.4,110555.33333333333,96.33333333333333,25.285339508213124,5.050877456374225,-4.7990557578220905,1.6731741501827546
Hammersmith and Fulham,E09000013,511143.1666666667,70.30833333333334,649992.0,677025.4,634628.3333333334,87.3,24.158626138338946,-2.3636701169655328,-6.262256433313529,1.60558626595515
City of Westminster,E09000033,666311.6666666666,60.63333333333333,896784.6,904603.0,812682.3333333334,73.96666666666667,21.96729758596454,-9.378201484131932,-10.161437300856468,1.4724923931625389
Aberdeenshire,S12000034,141974.66666666666,88.72500000000001,147145.8,155222.6,156433.0,97.76666666666667,10.183741700397263,6.311563089126571,0.7797833562896095,0.7164121656600297
Kensington and Chelsea,E09000020,940167.5833333334,74.55833333333334,1207312.0,1176035.0,1031684.6666666666,81.83333333333333,9.73412452797644,-14.546971564378829,-12.27432290138758,0.6861024869884602
City of Aberdeen,S12000033,149574.0,125.78333333333335,129800.2,118877.2,113765.0,95.66666666666667,-23.940658135772264,-12.353756003457617,-4.300404114497979,-1.994215877046468
